Student_ID,Name,Department,Marks_Math,Marks_English,Marks_Science,Attendance
1001,Ganesh,CSE,72.0,87.0,59.0,94.0
1002,Divya,EEE,79.0,40.0,48.0,91.0
1003,Karthik,CSE,78.0,69.0,46.0,88.0
1004,Hema,EEE,57.0,94.0,92.0,63.0
1005,Ekansh,ECE,79.0,75.0,48.0,80.0
1006,Ganesh,CSE,40.0,,87.0,54.0
1007,Jothi,CIVIL,,58.0,,84.0
1008,Charles,MECH,67.0,63.0,91.0,72.0
1009,Ganesh,EEE,,83.0,52.0,78.0
1010,Karthik,MECH,64.0,80.0,38.0,92.0
1011,Karthik,MECH,89.0,,41.0,60.0
1012,Hema,CSE,62.0,65.0,30.0,67.0
1013,Ekansh,MECH,70.0,69.0,87.0,96.0
1014,Divya,CIVIL,69.0,94.0,30.0,61.0
1015,Hema,MECH,81.0,67.0,63.0,58.0
1016,Hema,CSE,,86.0,,59.0
1017,Charles,CIVIL,46.0,55.0,30.0,93.0
1018,Farah,ECE,99.0,66.0,45.0,66.0
1019,Ekansh,MECH,55.0,57.0,90.0,
1020,Bhuvana,CSE,65.0,67.0,93.0,56.0
1021,Hema,ECE,87.0,37.0,92.0,
1022,Latha,ECE,96.0,52.0,98.0,62.0
1023,Farah,EEE,91.0,59.0,51.0,89.0
1024,Bhuvana,CIVIL,99.0,76.0,96.0,
1025,Latha,MECH,88.0,65.0,55.0,58.0
1026,Ekansh,CSE,41.0,88.0,45.0,99.0
1027,Arun,EEE,40.0,92.0,80.0,76.0
1028,Latha,CIVIL,87.0,37.0,86.0,51.0
1029,Jothi,EEE,51.0,,58.0,54.0
1030,Farah,CIVIL,44.0,80.0,98.0,78.0
1031,Latha,CIVIL,76.0,58.0,76.0,86.0
1032,Ishaan,MECH,71.0,84.0,91.0,87.0
1033,Arun,CIVIL,98.0,66.0,98.0,68.0
1034,Karthik,EEE,94.0,81.0,,
1035,Karthik,CIVIL,48.0,56.0,77.0,97.0
1036,Jothi,MECH,,57.0,68.0,94.0
1037,Latha,MECH,74.0,36.0,62.0,50.0
1038,Latha,EEE,,61.0,52.0,71.0
1039,Charles,ECE,87.0,76.0,39.0,66.0
1040,Latha,ECE,55.0,36.0,98.0,56.0
1041,Ganesh,CIVIL,,60.0,,74.0
1042,Divya,CSE,59.0,51.0,81.0,94.0
1043,Ishaan,CIVIL,63.0,74.0,39.0,53.0
1044,Charles,EEE,93.0,67.0,48.0,85.0
1045,Ekansh,EEE,95.0,43.0,87.0,55.0
1046,Charles,EEE,72.0,77.0,30.0,80.0
1047,Ganesh,EEE,63.0,88.0,98.0,68.0
1048,Ekansh,EEE,91.0,82.0,,93.0
1049,Ishaan,MECH,50.0,73.0,45.0,88.0
1050,Ganesh,ECE,88.0,63.0,53.0,76.0
1051,Bhuvana,EEE,47.0,76.0,31.0,59.0
1052,Divya,CSE,75.0,89.0,,75.0
1053,Ishaan,CSE,77.0,60.0,53.0,68.0
1054,Latha,CSE,79.0,69.0,41.0,88.0
1055,Bhuvana,CSE,59.0,84.0,79.0,52.0
1056,Jothi,MECH,74.0,59.0,,94.0
1057,Ishaan,CSE,87.0,58.0,62.0,62.0
1058,Jothi,EEE,64.0,47.0,62.0,99.0
1059,Ekansh,CIVIL,74.0,94.0,90.0,77.0
1060,Bhuvana,CSE,64.0,92.0,80.0,69.0
1061,Divya,MECH,68.0,41.0,72.0,77.0
1062,Latha,MECH,57.0,91.0,41.0,
1063,Latha,CSE,85.0,70.0,96.0,90.0
1064,Ganesh,CIVIL,57.0,79.0,94.0,88.0
1065,Latha,CSE,41.0,54.0,,50.0
1066,Hema,MECH,93.0,35.0,69.0,52.0
1067,Charles,ECE,74.0,42.0,72.0,62.0
1068,Arun,EEE,55.0,80.0,73.0,77.0
1069,Divya,MECH,80.0,50.0,58.0,98.0
1070,Bhuvana,CSE,75.0,48.0,42.0,74.0
1071,Hema,EEE,72.0,,41.0,82.0
1072,Divya,CSE,43.0,85.0,,87.0
1073,Bhuvana,CSE,72.0,57.0,31.0,55.0
1074,Farah,ECE,53.0,49.0,64.0,93.0
1075,Farah,EEE,60.0,62.0,37.0,94.0
1076,Jothi,EEE,87.0,68.0,55.0,81.0
1077,Divya,ECE,59.0,,63.0,94.0
1078,Farah,MECH,,66.0,,96.0
1079,Bhuvana,CSE,47.0,57.0,97.0,70.0
1080,Jothi,CIVIL,46.0,56.0,87.0,
1081,Latha,CSE,42.0,85.0,58.0,70.0
1082,Bhuvana,CSE,56.0,59.0,65.0,60.0
1083,Jothi,MECH,72.0,92.0,,86.0
1084,Divya,CSE,87.0,,65.0,85.0
1085,Hema,ECE,51.0,92.0,39.0,84.0
1086,Ganesh,ECE,98.0,92.0,53.0,68.0
1087,Latha,EEE,90.0,,93.0,69.0
1088,Ishaan,CIVIL,61.0,83.0,78.0,67.0
1089,Hema,CSE,94.0,86.0,65.0,96.0
1090,Ekansh,CSE,,76.0,,90.0
1091,Bhuvana,MECH,85.0,40.0,52.0,98.0
1092,Ekansh,ECE,69.0,49.0,91.0,
1093,Hema,CIVIL,77.0,88.0,66.0,64.0
1094,Jothi,EEE,77.0,,41.0,80.0
1095,Ishaan,ECE,84.0,94.0,84.0,50.0
1096,Latha,EEE,90.0,71.0,42.0,52.0
1097,Latha,MECH,93.0,,52.0,65.0
1098,Latha,MECH,47.0,42.0,59.0,72.0
1099,Ishaan,CSE,66.0,87.0,46.0,
1100,Arun,CIVIL,66.0,94.0,91.0,
1101,Ishaan,EEE,73.0,78.0,42.0,59.0
1102,Ganesh,ECE,,78.0,88.0,
1103,Ishaan,MECH,69.0,39.0,48.0,65.0
1104,Hema,CSE,72.0,73.0,78.0,57.0
1105,Arun,CSE,67.0,38.0,41.0,87.0
1106,Latha,EEE,86.0,40.0,90.0,61.0
1107,Hema,MECH,72.0,79.0,48.0,73.0
1108,Hema,CIVIL,,66.0,38.0,77.0
1109,Karthik,MECH,99.0,86.0,57.0,57.0
1110,Charles,EEE,,,81.0,77.0
1111,Arun,EEE,58.0,81.0,45.0,85.0
1112,Hema,MECH,43.0,69.0,98.0,
1113,Charles,EEE,74.0,89.0,41.0,
1114,Charles,MECH,88.0,,54.0,99.0
1115,Arun,ECE,56.0,86.0,81.0,77.0
1116,Karthik,MECH,83.0,50.0,82.0,77.0
1117,Ekansh,MECH,,47.0,52.0,86.0
1118,Jothi,EEE,69.0,84.0,45.0,90.0
1119,Ganesh,EEE,68.0,,86.0,85.0
1120,Jothi,CSE,85.0,76.0,68.0,76.0
