Student_ID,Name,Department,Marks_Math,Marks_English,Marks_Science,Attendance,Total_Marks,Performance_Level
1024,Bhuvana,CIVIL,99.0,76.0,96.0,74.0,271.0,High
1033,Arun,CIVIL,98.0,66.0,98.0,68.0,262.0,High
1059,Ekansh,CIVIL,74.0,94.0,90.0,77.0,258.0,High
1100,Arun,CIVIL,66.0,94.0,91.0,75.0,251.0,High
1093,Hema,CIVIL,77.0,88.0,66.0,64.0,231.0,Medium
1064,Ganesh,CIVIL,57.0,79.0,94.0,88.0,230.0,Medium
1030,Farah,CIVIL,44.0,80.0,98.0,78.0,222.0,Medium
1088,Ishaan,CIVIL,61.0,83.0,78.0,67.0,222.0,Medium
1028,Latha,CIVIL,87.0,37.0,86.0,51.0,210.0,Medium
1031,Latha,CIVIL,76.0,58.0,76.0,86.0,210.0,Medium
1014,Divya,CIVIL,69.0,94.0,30.0,61.0,193.0,Medium
1080,Jothi,CIVIL,46.0,56.0,87.0,78.0,189.0,Medium
1035,Karthik,CIVIL,48.0,56.0,77.0,97.0,181.0,Medium
1043,Ishaan,CIVIL,63.0,74.0,39.0,53.0,176.0,Low
1108,Hema,CIVIL,70.96296296296296,66.0,38.0,77.0,174.96296296296296,Low
1041,Ganesh,CIVIL,70.96296296296296,60.0,41.0,74.0,171.96296296296296,Low
1007,Jothi,CIVIL,70.96296296296296,58.0,41.0,84.0,169.96296296296296,Low
1017,Charles,CIVIL,46.0,55.0,30.0,93.0,131.0,Low
1063,Latha,CSE,85.0,70.0,96.0,90.0,251.0,High
1089,Hema,CSE,94.0,86.0,65.0,96.0,245.0,High
1060,Bhuvana,CSE,64.0,92.0,80.0,69.0,236.0,Medium
1120,Jothi,CSE,85.0,76.0,68.0,76.0,229.0,Medium
1020,Bhuvana,CSE,65.0,67.0,93.0,56.0,225.0,Medium
1104,Hema,CSE,72.0,73.0,78.0,57.0,223.0,Medium
1055,Bhuvana,CSE,59.0,84.0,79.0,52.0,222.0,Medium
1084,Divya,CSE,87.0,69.0,65.0,85.0,221.0,Medium
1001,Ganesh,CSE,72.0,87.0,59.0,94.0,218.0,Medium
1057,Ishaan,CSE,87.0,58.0,62.0,62.0,207.0,Medium
1052,Divya,CSE,75.0,89.0,41.0,75.0,205.0,Medium
1079,Bhuvana,CSE,47.0,57.0,97.0,70.0,201.0,Medium
1099,Ishaan,CSE,66.0,87.0,46.0,56.0,199.0,Medium
1016,Hema,CSE,70.96296296296296,86.0,41.0,59.0,197.96296296296296,Medium
1006,Ganesh,CSE,40.0,69.0,87.0,54.0,196.0,Medium
1003,Karthik,CSE,78.0,69.0,46.0,88.0,193.0,Medium
1042,Divya,CSE,59.0,51.0,81.0,94.0,191.0,Medium
1053,Ishaan,CSE,77.0,60.0,53.0,68.0,190.0,Medium
1054,Latha,CSE,79.0,69.0,41.0,88.0,189.0,Medium
1090,Ekansh,CSE,70.96296296296296,76.0,41.0,90.0,187.96296296296296,Medium
1081,Latha,CSE,42.0,85.0,58.0,70.0,185.0,Medium
1082,Bhuvana,CSE,56.0,59.0,65.0,60.0,180.0,Medium
1026,Ekansh,CSE,41.0,88.0,45.0,99.0,174.0,Low
1072,Divya,CSE,43.0,85.0,41.0,87.0,169.0,Low
1070,Bhuvana,CSE,75.0,48.0,42.0,74.0,165.0,Low
1073,Bhuvana,CSE,72.0,57.0,31.0,55.0,160.0,Low
1012,Hema,CSE,62.0,65.0,30.0,67.0,157.0,Low
1105,Arun,CSE,67.0,38.0,41.0,87.0,146.0,Low
1065,Latha,CSE,41.0,54.0,41.0,50.0,136.0,Low
1095,Ishaan,ECE,84.0,94.0,84.0,50.0,262.0,High
1022,Latha,ECE,96.0,52.0,98.0,62.0,246.0,High
1086,Ganesh,ECE,98.0,92.0,53.0,68.0,243.0,High
1102,Ganesh,ECE,70.96296296296296,78.0,88.0,86.0,236.96296296296296,Medium
1115,Arun,ECE,56.0,86.0,81.0,77.0,223.0,Medium
1021,Hema,ECE,87.0,37.0,92.0,77.0,216.0,Medium
1018,Farah,ECE,99.0,66.0,45.0,66.0,210.0,Medium
1092,Ekansh,ECE,69.0,49.0,91.0,78.0,209.0,Medium
1050,Ganesh,ECE,88.0,63.0,53.0,76.0,204.0,Medium
1005,Ekansh,ECE,79.0,75.0,48.0,80.0,202.0,Medium
1039,Charles,ECE,87.0,76.0,39.0,66.0,202.0,Medium
1077,Divya,ECE,59.0,69.0,63.0,94.0,191.0,Medium
1040,Latha,ECE,55.0,36.0,98.0,56.0,189.0,Medium
1067,Charles,ECE,74.0,42.0,72.0,62.0,188.0,Medium
1085,Hema,ECE,51.0,92.0,39.0,84.0,182.0,Medium
1074,Farah,ECE,53.0,49.0,64.0,93.0,166.0,Low
1087,Latha,EEE,90.0,69.0,93.0,69.0,252.0,High
1047,Ganesh,EEE,63.0,88.0,98.0,68.0,249.0,High
1004,Hema,EEE,57.0,94.0,92.0,63.0,243.0,High
1045,Ekansh,EEE,95.0,43.0,87.0,55.0,225.0,Medium
1119,Ganesh,EEE,68.0,69.0,86.0,85.0,223.0,Medium
1110,Charles,EEE,70.96296296296296,69.0,81.0,77.0,220.96296296296296,Medium
1034,Karthik,EEE,94.0,81.0,41.0,82.0,216.0,Medium
1106,Latha,EEE,86.0,40.0,90.0,61.0,216.0,Medium
1048,Ekansh,EEE,91.0,82.0,41.0,93.0,214.0,Medium
1027,Arun,EEE,40.0,92.0,80.0,76.0,212.0,Medium
1076,Jothi,EEE,87.0,68.0,55.0,81.0,210.0,Medium
1044,Charles,EEE,93.0,67.0,48.0,85.0,208.0,Medium
1068,Arun,EEE,55.0,80.0,73.0,77.0,208.0,Medium
1009,Ganesh,EEE,70.96296296296296,83.0,52.0,78.0,205.96296296296296,Medium
1113,Charles,EEE,74.0,89.0,41.0,60.0,204.0,Medium
1096,Latha,EEE,90.0,71.0,42.0,52.0,203.0,Medium
1023,Farah,EEE,91.0,59.0,51.0,89.0,201.0,Medium
1118,Jothi,EEE,69.0,84.0,45.0,90.0,198.0,Medium
1101,Ishaan,EEE,73.0,78.0,42.0,59.0,193.0,Medium
1094,Jothi,EEE,77.0,69.0,41.0,80.0,187.0,Medium
1111,Arun,EEE,58.0,81.0,45.0,85.0,184.0,Medium
1038,Latha,EEE,70.96296296296296,61.0,52.0,71.0,183.96296296296296,Medium
1071,Hema,EEE,72.0,69.0,41.0,82.0,182.0,Medium
1046,Charles,EEE,72.0,77.0,30.0,80.0,179.0,Low
1029,Jothi,EEE,51.0,69.0,58.0,54.0,178.0,Low
1058,Jothi,EEE,64.0,47.0,62.0,99.0,173.0,Low
1002,Divya,EEE,79.0,40.0,48.0,91.0,167.0,Low
1075,Farah,EEE,60.0,62.0,37.0,94.0,159.0,Low
1051,Bhuvana,EEE,47.0,76.0,31.0,59.0,154.0,Low
1032,Ishaan,MECH,71.0,84.0,91.0,87.0,246.0,High
1109,Karthik,MECH,99.0,86.0,57.0,57.0,242.0,High
1013,Ekansh,MECH,70.0,69.0,87.0,96.0,226.0,Medium
1008,Charles,MECH,67.0,63.0,91.0,72.0,221.0,Medium
1116,Karthik,MECH,83.0,50.0,82.0,77.0,215.0,Medium
1097,Latha,MECH,93.0,69.0,52.0,65.0,214.0,Medium
1015,Hema,MECH,81.0,67.0,63.0,58.0,211.0,Medium
1114,Charles,MECH,88.0,69.0,54.0,99.0,211.0,Medium
1112,Hema,MECH,43.0,69.0,98.0,54.0,210.0,Medium
1025,Latha,MECH,88.0,65.0,55.0,58.0,208.0,Medium
1083,Jothi,MECH,72.0,92.0,41.0,86.0,205.0,Medium
1019,Ekansh,MECH,55.0,57.0,90.0,53.0,202.0,Medium
1011,Karthik,MECH,89.0,69.0,41.0,60.0,199.0,Medium
1107,Hema,MECH,72.0,79.0,48.0,73.0,199.0,Medium
1066,Hema,MECH,93.0,35.0,69.0,52.0,197.0,Medium
1036,Jothi,MECH,70.96296296296296,57.0,68.0,94.0,195.96296296296296,Medium
1062,Latha,MECH,57.0,91.0,41.0,61.0,189.0,Medium
1069,Divya,MECH,80.0,50.0,58.0,98.0,188.0,Medium
1010,Karthik,MECH,64.0,80.0,38.0,92.0,182.0,Medium
1061,Divya,MECH,68.0,41.0,72.0,77.0,181.0,Medium
1078,Farah,MECH,70.96296296296296,66.0,41.0,96.0,177.96296296296296,Low
1091,Bhuvana,MECH,85.0,40.0,52.0,98.0,177.0,Low
1056,Jothi,MECH,74.0,59.0,41.0,94.0,174.0,Low
1037,Latha,MECH,74.0,36.0,62.0,50.0,172.0,Low
1117,Ekansh,MECH,70.96296296296296,47.0,52.0,86.0,169.96296296296296,Low
1049,Ishaan,MECH,50.0,73.0,45.0,88.0,168.0,Low
1103,Ishaan,MECH,69.0,39.0,48.0,65.0,156.0,Low
1098,Latha,MECH,47.0,42.0,59.0,72.0,148.0,Low
